time,rate_hz,extent_semitones,dt_detected,br_rate_pdf_vibrato,br_rate_pdf_nonvibrato,br_extent_pdf_vibrato,br_extent_pdf_nonvibrato,br_rate_posterior,br_extent_posterior,br_probability,br_raw_detected,br_detected
0.06,7.16315515266089,3.64063982114135e-15,0,0.347783101209374,0.154980517069113,0.524466387860758,8.27850021463792,0.691742776456693,0.0595783684686354,0.0412129060212538,0,0
0.09,NaN,NaN,0,NaN,NaN,NaN,NaN,NaN,NaN,NaN,0,0
0.12,NaN,NaN,0,NaN,NaN,NaN,NaN,NaN,NaN,NaN,0,0
0.15,NaN,NaN,0,NaN,NaN,NaN,NaN,NaN,NaN,NaN,0,0
0.18,NaN,NaN,0,NaN,NaN,NaN,NaN,NaN,NaN,NaN,0,0
0.21,NaN,NaN,0,NaN,NaN,NaN,NaN,NaN,NaN,NaN,0,0
0.24,NaN,NaN,0,NaN,NaN,NaN,NaN,NaN,NaN,NaN,0,0
0.27,NaN,NaN,0,NaN,NaN,NaN,NaN,NaN,NaN,NaN,0,0
0.3,NaN,NaN,0,NaN,NaN,NaN,NaN,NaN,NaN,NaN,0,0
0.33,NaN,NaN,0,NaN,NaN,NaN,NaN,NaN,NaN,NaN,0,0
0.36,NaN,NaN,0,NaN,NaN,NaN,NaN,NaN,NaN,NaN,0,0
0.39,NaN,NaN,0,NaN,NaN,NaN,NaN,NaN,NaN,NaN,0,0
0.42,NaN,NaN,0,NaN,NaN,NaN,NaN,NaN,NaN,NaN,0,0
0.45,NaN,NaN,0,NaN,NaN,NaN,NaN,NaN,NaN,NaN,0,0
0.48,NaN,NaN,0,NaN,NaN,NaN,NaN,NaN,NaN,NaN,0,0
0.51,NaN,NaN,0,NaN,NaN,NaN,NaN,NaN,NaN,NaN,0,0
0.54,NaN,NaN,0,NaN,NaN,NaN,NaN,NaN,NaN,NaN,0,0
0.57,NaN,NaN,0,NaN,NaN,NaN,NaN,NaN,NaN,NaN,0,0
0.6,NaN,NaN,0,NaN,NaN,NaN,NaN,NaN,NaN,NaN,0,0
0.63,NaN,NaN,0,NaN,NaN,NaN,NaN,NaN,NaN,NaN,0,0
0.66,NaN,NaN,0,NaN,NaN,NaN,NaN,NaN,NaN,NaN,0,0
0.69,NaN,NaN,0,NaN,NaN,NaN,NaN,NaN,NaN,NaN,0,0
0.72,NaN,NaN,0,NaN,NaN,NaN,NaN,NaN,NaN,NaN,0,0
0.75,NaN,NaN,0,NaN,NaN,NaN,NaN,NaN,NaN,NaN,0,0
0.78,NaN,NaN,0,NaN,NaN,NaN,NaN,NaN,NaN,NaN,0,0
0.81,NaN,NaN,0,NaN,NaN,NaN,NaN,NaN,NaN,NaN,0,0
0.840000000000001,NaN,NaN,0,NaN,NaN,NaN,NaN,NaN,NaN,NaN,0,0
0.870000000000001,NaN,NaN,0,NaN,NaN,NaN,NaN,NaN,NaN,NaN,0,0
0.900000000000001,NaN,NaN,0,NaN,NaN,NaN,NaN,NaN,NaN,NaN,0,0
0.930000000000001,NaN,NaN,0,NaN,NaN,NaN,NaN,NaN,NaN,NaN,0,0
0.960000000000001,NaN,NaN,0,NaN,NaN,NaN,NaN,NaN,NaN,NaN,0,0
0.990000000000001,4.52221583205716,0.0953421822366727,0,0.0406897071885758,0.118668582904716,5.61928065391335,1.93124102377384,0.25533473762021,0.744224160102616,0.190026280650423,0,0
1.02,5.57424242874441,0.148457014174563,0,0.148872986805888,0.140490736396279,4.70029548985748,0.70606390834616,0.514483934469825,0.869401226159555,0.447292963467459,1,1
1.05,7.43605887849291,0.0838782051776799,0,0.397012170917681,0.161750723604978,5.48177162283311,2.26310138417242,0.710519926805164,0.707793609769281,0.502901463806432,1,1
1.08,5.4839958263009,0.178544469803754,1,0.136918868583679,0.139521354106802,3.55557239944203,0.434434770466368,0.495292860246975,0.891119300801572,0.441365027315295,1,1
1.11,5.57361684215127,0.306125330096028,1,0.148790632986231,0.140484667154288,0.437965012393069,0.111425179075659,0.5143565071541,0.797183894423419,0.410036723495133,1,1
1.14,7.58825233362275,0.208337440455555,1,0.420297956927702,0.164622834140702,2.58243266196385,0.284610103199781,0.718555338339051,0.900730429745251,0.647224658697877,1,1
1.17,6.25522146968545,0.178102274852953,1,0.262101829452743,0.143549056826285,3.57314412475134,0.437568854248591,0.646126603732984,0.890899982985644,0.575634180272287,1,1
1.2,5.54962281618814,0.304558168791871,1,0.145631414726784,0.140244762941497,0.455197896520759,0.117319642402865,0.509421302308611,0.795081138259214,0.405031268893022,1,1
1.23,7.53611426044806,0.213820226863623,1,0.414704694698456,0.163775162976996,2.42837238257338,0.253390641620782,0.716887008589883,0.905513410642642,0.649150800193626,1,1
1.26,6.32251720588464,0.174630925809402,1,0.273558672946693,0.143715285852652,3.71427634401855,0.464482407667136,0.655585298765887,0.888846799906846,0.582714894874033,1,1
1.29,5.52838569334906,0.302740989955758,1,0.142821667975598,0.140021460729451,0.475723310259772,0.125497730758023,0.504950106546635,0.791261911682981,0.399547786610615,1,1
1.32,7.47857631361502,0.219395766547973,1,0.405325439145168,0.162665901665441,2.27337798465395,0.232764804126254,0.713612004307508,0.907122289612418,0.647333355242334,1,1
1.35,6.39206392880032,0.171348583436293,1,0.283876540534434,0.143936099841033,3.85184838833585,0.492759083266957,0.663553419752375,0.886581449190122,0.588294152499122,1,1
1.38,5.50987251553509,0.300681864145544,1,0.140362786553646,0.139817755732959,0.499833269728324,0.136305081170455,0.500972642168937,0.785730445306631,0.393629457217838,1,1
1.41,7.41616963590409,0.22503023067942,1,0.392900378613202,0.161299975295293,2.1163186059091,0.223940286258614,0.708950068043577,0.904309609929018,0.641110359491638,1,1
1.44,6.46367037939488,0.168268648652935,1,0.292845592263371,0.144240979126396,3.9823277324051,0.520540371005691,0.669994484919165,0.884398041636752,0.592541810369934,1,1
1.47,5.49405278434783,0.298389295400607,1,0.138258681933284,0.139638262524409,0.527955834651445,0.149823237676597,0.497517819791403,0.778949743665022,0.387541378195294,1,1
1.5,7.34946067813067,0.23068901658468,1,0.378905271149633,0.159705234580508,1.9578723726075,0.220580077908727,0.703486595821203,0.898744598324165,0.632254777987761,1,1
1.53,6.53711010804034,0.165404100187156,1,0.300533362648971,0.144661872822547,4.10271078249016,0.546660461981308,0.675059701235725,0.882422711967486,0.59568801230439,1,1
1.56,5.48089896461405,0.295872211607788,1,0.136505600610813,0.139484681786219,0.56059437277414,0.165594100924147,0.494602923788598,0.771968150250555,0.3818177041856,1,1
1.59,7.27904146772237,0.236337334379953,1,0.365169450861305,0.157933584274766,1.80159534714078,0.214825361614142,0.698083219429832,0.893462033651306,0.623710852889628,1,1
1.62,6.61211938803039,0.162767447520061,1,0.307206839074784,0.145233934725133,4.21083092559831,0.570632938777066,0.678999013494394,0.880657272550232,0.597965419288271,1,1
1.65,5.47038688441496,0.293139956258345,1,0.13510136422258,0.139358766440971,0.598365998207636,0.182431392213602,0.492244042498818,0.766352456537821,0.377232431185077,1,1
1.68,7.20551931311602,0.241940807785658,1,0.353287630722942,0.156052719032339,1.65243147804316,0.204672205736876,0.693617992159238,0.889789564511403,0.617174051180642,1,1
1.71,6.68839570844192,0.160370685339513,1,0.313223373952558,0.14598771049493,4.30547574097919,0.592367145819225,0.682090185887871,0.87905550269571,0.599595131239473,1,1
1.74,5.46249604443127,0.290202279992768,1,0.134048605794637,0.139262447935626,0.641980202485966,0.198495462619609,0.490461706415037,0.76382961356213,0.374629175678021,1,1
1.77,7.12950627104934,0.247466055939074,1,0.344069471966012,0.154143164727267,1.51398825666438,0.194766608246152,0.690607677576504,0.886018403080684,0.611891111641594,1,1
1.8,6.76559700049787,0.158225250057461,1,0.31881777886135,0.14694823563065,4.38647966640794,0.611903856154815,0.684502022349306,0.877579650822576,0.600705045760651,1,1
1.83,5.4572098472501,0.287069332416167,1,0.13334312510317,0.139197295354698,0.692051281925906,0.211545834414998,0.489259996293955,0.76588478361723,0.374716786394163,1,1
1.86,7.0516087627036,0.25288122442476,1,0.337287140491727,0.152282873025703,1.38690077010134,0.19037647958339,0.688945669013527,0.879300560747045,0.605790313087842,1,1
1.89,6.8433417428646,0.156341978891616,1,0.324025584360678,0.148125733366341,4.4541885954846,0.629218785428736,0.686274870354206,0.87622105838079,0.601328493241902,1,1
1.92,5.45451575517392,0.28375165326359,1,0.132983716082153,0.139163722161639,0.748970560982261,0.219739111765588,0.488645849251116,0.773163086993573,0.377802933253589,1,1
1.95,6.97241774622752,0.258156438718177,1,0.33199000132369,0.150542680755273,1.26944099441407,0.192432210480005,0.688015576257614,0.868366004769922,0.5974493371743,1,1
1.98,6.92121007047012,0.15473107181748,1,0.328866436781273,0.149517208534332,4.50940338954038,0.644252297567251,0.687453344196809,0.874991203005876,0.601515628649179,1,1
2.01,5.45440538303895,0.28026016461004,1,0.13296900213802,0.139162345704547,0.812874425332665,0.222291477450923,0.488620672304703,0.785260046864782,0.383694292033092,1,1
2.04,6.89249983154306,0.263264160957391,1,0.327114174995219,0.14897984829592,1.15940317249884,0.198549534190482,0.687078936076421,0.85378759273985,0.586619470854945,1,1
2.07,6.99874597806591,0.153402056424327,1,0.333651273052762,0.151101430899372,4.5530097388388,0.656880411737507,0.68829172139225,0.873916648383681,0.60150959426935,1,1
2.1,5.45687453061096,0.276606158831282,1,0.133298166265405,0.139193134834111,0.883406301468401,0.219902466474862,0.489183198610526,0.800688190954202,0.391683210340652,1,1
2.13,6.81238966135786,0.268179440136824,1,0.322002243299388,0.147631093407708,1.05558023309276,0.206392980293709,0.685646052209911,0.836452170216943,0.573510128371659,1,1
2.16,7.07546066526299,0.1523637552976,1,0.339141778800927,0.152838678225611,4.5858593607375,0.66690244467986,0.689339940148543,0.87303775244633,0.601819792018772,1,1
2.19,5.46192315723794,0.272801293405929,1,0.133972236554753,0.139255412834356,0.959928975283311,0.214345144111114,0.490331914995765,0.817465836493397,0.400829589051422,1,1
2.22,6.73258379011948,0.272880055129689,1,0.316478118347811,0.146512002948733,0.958322320131144,0.214476161574695,0.683552637066111,0.817124454950915,0.558547575992906,1,1
2.25,7.15083701737265,0.151624255030181,1,0.346359190677024,0.154672401035031,4.60862222633679,0.67412269842745,0.691292118913088,0.872391586565665,0.603077428398929,1,1
2.28,5.46955529963869,0.268857567634383,1,0.134990541550905,0.139348638763354,1.04141138052845,0.207553973538329,0.492057100251855,0.833819270596652,0.410286692423906,1,1
2.31,6.65353618461175,0.27734655796428,1,0.310548040334095,0.14562018687692,0.868850399954109,0.220698039334446,0.680775253096357,0.797440819172248,0.542877975501353,1,1
2.34,7.22433516111162,0.151190875344446,1,0.356048939716144,0.156533358762774,4.62171193975153,0.678394646107492,0.694618095031208,0.872003584245365,0.605709468548901,1,1
2.37,5.47977893192108,0.264787357937976,1,0.136355878923825,0.139471413336121,1.12702715276482,0.200836269614638,0.494352381907589,0.848752314259285,0.419582728203656,1,1
2.4,6.57565536102599,0.281562231040838,1,0.304080435522943,0.144936251886735,0.78860619825828,0.221996990058963,0.677214108181916,0.78033218910717,0.528451967531854,1,1
2.43,7.29539898221701,0.151070136134316,1,0.368187420277012,0.158350005933558,4.62532376432939,0.679581580554025,0.699261632600012,0.871895625581806,0.609683158601142,1,1
2.46,5.49260576521806,0.260603622099266,1,0.138065883379544,0.139621710319378,1.21637737085257,0.195004397193274,0.497198601998904,0.861834408231537,0.428502862927273,1,1
2.49,6.49930307648074,0.285512975484608,1,0.296745086093727,0.144429628193486,0.718266797233884,0.216135715855722,0.672624872831085,0.768690994696634,0.517040682554224,1,1
2.52,7.36346344928751,0.15126771959128,1,0.381815394900921,0.160049217744059,4.61939446974911,0.677638493959761,0.704632459826417,0.872072064002167,0.614490283603747,1,1
2.55,5.5080509825926,0.256317981332588,1,0.140121098632522,0.139797413909095,1.30983391228366,0.191098775958495,0.500578176699511,0.872679982616474,0.436844554540315,1,1
2.58,6.42479441683233,0.2891871494153,1,0.288174979174246,0.144063992610837,0.657789097300857,0.203250834169337,0.666702907385065,0.763947261049445,0.509325860030523,1,1
2.61,7.42796255939903,0.151788424060567,1,0.395349414244795,0.161568712963121,4.60362065196614,0.672511712237202,0.709887854121146,0.872536990011859,0.619403411480843,1,1
2.64,5.52613290319797,0.251945866817198,1,0.142522530113902,0.139997245323105,1.40829431252929,0.190639321028111,0.504469217751025,0.880770960703375,0.44432183756385,1,1
2.67,6.35239907134583,0.292575374187504,1,0.278190031580441,0.143803019613565,0.606502700512526,0.185741694893856,0.65922893941812,0.765550004555628,0.504672717574744,1,1
2.7,7.48833770807684,0.152636105988603,1,0.407097422497312,0.162865337109873,4.57735068599284,0.664259598202897,0.714252669381208,0.873271845446858,0.623736746705872,1,1
2.73,5.54687256799852,0.247499386486384,1,0.145268086614949,0.140216302154256,1.51318179629582,0.194719787838535,0.50884774204725,0.885988870993858,0.450833436484217,1,1
2.76,6.28234355845102,0.295670324674223,1,0.266882487059553,0.143611883101241,0.563299923156074,0.166866639499256,0.650148958084402,0.771467706091022,0.501568925310841,1,1
2.79,7.54404628737964,0.15381360637743,1,0.415761777337547,0.163914737212836,4.53969968674466,0.652957787872799,0.717230674180454,0.874253637744342,0.627041526004088,1,1
2.82,5.57029323773239,0.242992696373534,1,0.148353773064139,0.140452144541511,1.62535299396003,0.202586138514261,0.513679824478904,0.889172382758696,0.456749913506976,1,1
2.85,6.21481416235629,0.298466516871491,1,0.254626463181716,0.143462155538423,0.526986365102125,0.149349681770031,0.639622564443928,0.779178290938762,0.498380016609288,1,1
2.88,7.59457032622174,0.155322658626887,1,0.420738659047795,0.164713791871605,4.48941910823312,0.638694067788649,0.718655560134838,0.875452423559004,0.629148751824198,1,1
2.91,5.59641979221117,0.238439899192761,1,0.151779547169264,0.14070039779314,1.74475547247807,0.211397474988204,0.518940015489862,0.891932031561224,0.462859222274286,1,1
2.94,5.96801546133902,0.312604447406304,1,0.206298650844761,0.142878740822128,0.370158471517177,0.0982521189763799,0.590813310850226,0.790243600442823,0.466886437955827,1,1
2.97,7.83385409876995,0.177125479926352,1,0.387314655086275,0.165792085947864,3.61228533748411,0.444749383571343,0.700253000645257,0.890375751219689,0.623488291493362,1,1
3,5.97823019976743,0.11577055757208,1,0.208180862983384,0.142910657264264,5.44664986746985,1.3925318085368,0.592953264255828,0.796389118683291,0.47222152754108,1,1
3.02999999999999,5.71688482386503,0.162511047034447,1,0.167552911055167,0.141665412784235,4.22113885531844,0.572955778305099,0.541859579907006,0.880487178061389,0.477100412417849,1,1
3.05999999999999,NaN,NaN,0,NaN,NaN,NaN,NaN,NaN,NaN,NaN,0,0
3.08999999999999,NaN,NaN,0,NaN,NaN,NaN,NaN,NaN,NaN,NaN,0,0
3.11999999999999,NaN,NaN,0,NaN,NaN,NaN,NaN,NaN,NaN,NaN,0,0
3.14999999999999,NaN,NaN,0,NaN,NaN,NaN,NaN,NaN,NaN,NaN,0,0
3.17999999999999,NaN,NaN,0,NaN,NaN,NaN,NaN,NaN,NaN,NaN,0,0
3.20999999999999,NaN,NaN,0,NaN,NaN,NaN,NaN,NaN,NaN,NaN,0,0
3.23999999999999,NaN,NaN,0,NaN,NaN,NaN,NaN,NaN,NaN,NaN,0,0
3.26999999999999,NaN,NaN,0,NaN,NaN,NaN,NaN,NaN,NaN,NaN,0,0
3.29999999999999,NaN,NaN,0,NaN,NaN,NaN,NaN,NaN,NaN,NaN,0,0
3.32999999999999,NaN,NaN,0,NaN,NaN,NaN,NaN,NaN,NaN,NaN,0,0
3.35999999999999,NaN,NaN,0,NaN,NaN,NaN,NaN,NaN,NaN,NaN,0,0
3.38999999999999,NaN,NaN,0,NaN,NaN,NaN,NaN,NaN,NaN,NaN,0,0
3.41999999999999,NaN,NaN,0,NaN,NaN,NaN,NaN,NaN,NaN,NaN,0,0
3.44999999999999,NaN,NaN,0,NaN,NaN,NaN,NaN,NaN,NaN,NaN,0,0
3.47999999999999,NaN,NaN,0,NaN,NaN,NaN,NaN,NaN,NaN,NaN,0,0
3.50999999999999,NaN,NaN,0,NaN,NaN,NaN,NaN,NaN,NaN,NaN,0,0
3.53999999999999,NaN,NaN,0,NaN,NaN,NaN,NaN,NaN,NaN,NaN,0,0
3.56999999999999,NaN,NaN,0,NaN,NaN,NaN,NaN,NaN,NaN,NaN,0,0
3.59999999999999,NaN,NaN,0,NaN,NaN,NaN,NaN,NaN,NaN,NaN,0,0
3.62999999999999,NaN,NaN,0,NaN,NaN,NaN,NaN,NaN,NaN,NaN,0,0
3.65999999999999,NaN,NaN,0,NaN,NaN,NaN,NaN,NaN,NaN,NaN,0,0
3.68999999999999,NaN,NaN,0,NaN,NaN,NaN,NaN,NaN,NaN,NaN,0,0
3.71999999999999,NaN,NaN,0,NaN,NaN,NaN,NaN,NaN,NaN,NaN,0,0
3.74999999999999,NaN,NaN,0,NaN,NaN,NaN,NaN,NaN,NaN,NaN,0,0
3.77999999999999,NaN,NaN,0,NaN,NaN,NaN,NaN,NaN,NaN,NaN,0,0
3.80999999999999,NaN,NaN,0,NaN,NaN,NaN,NaN,NaN,NaN,NaN,0,0
3.83999999999999,NaN,NaN,0,NaN,NaN,NaN,NaN,NaN,NaN,NaN,0,0
3.86999999999999,NaN,NaN,0,NaN,NaN,NaN,NaN,NaN,NaN,NaN,0,0
3.89999999999999,NaN,NaN,0,NaN,NaN,NaN,NaN,NaN,NaN,NaN,0,0
3.92999999999999,NaN,NaN,0,NaN,NaN,NaN,NaN,NaN,NaN,NaN,0,0
